{
    "parent": "builtin/entity",
    "textures": {
        "particle": "block/soul_sand"
    },
    "display": {
        "gui": {
            "rotation": [30, 45, 0],
            "translation": [0, 3, 0],
            "scale": [1, 1, 1]
        },
        "fixed": {
            "rotation": [0, 90, 270],
            "translation": [0, 0, -31],
            "scale": [4, 4, 4]
        },
        "ground": {
            "rotation": [0, 0, 0],
            "translation": [0, 3, 0],
            "scale": [1, 1, 1]
        },
        "thirdperson_righthand": {
            "rotation": [45, 45, 0],
            "translation": [0, 3, 0],
            "scale": [0.5, 0.5, 0.5]
        }
    }
}